N°;Cliente;CUIT/DNI;Contacto;Cat. cliente;Localidad;Telefonos;Email;Último movimiento de saldo;Moneda;Saldo;
1379,00;DISTEFANO SEBASTIAN ARIEL;20226452401;Eugenia;Categoria 1;Capital Federal;+54 9 11 3335-8149;sebastiandistefano@hotmail.com;22-09-2026 12:20;Pesos;2865402,94;
272,00;DEMIAN GOYCOCHEA;11111;Demian;Categoria 1;Capital Federal;+54 9 11 5001-6234;car_black_polarizados@hotmail.com;08-09-2026 15:51;Pesos;111359,18;
2002,00;OPORTO ADV S.R.L;30709962945;Fabian;Categoria 1;Ciudad Autónoma De Buenos Aires;+54 9 11 5226-8119;marcelo@oporto.com.ar;22-09-2026 14:05;Pesos;90089,92;
2768,00;TAURO GROUP SRL;30718002016;Matias alma print;Categoria 1;LANUS;+54 9 11 6228-3171;;22-09-2026 10:11;Pesos;35480,83;
3064,00;NH CONSTRUCCIONES S R L;30680640919;;Categoria 1;Ciudad Autónoma De Buenos Aires;;;21-04-2026 15:20;Pesos;29891,00;
2601,00;FLECHA LOG S.A.;30711755256;Ricardo Duarte;Categoria 1;Ciudad Autónoma De Buenos Aires;+54 9 3442 48-6075;nespinoza@flechalog.com;21-04-2026 15:42;Pesos;21555,79;
2635,00;SAVINO, JUAN CARLOS;20120138961;Sebastian;Categoria 1;Ciudad Autónoma De Buenos Aires;+54 9 11 3853-7182;;22-09-2026 14:36;Pesos;8425,14;
518,00;ARIEL LO VISCOVO;0;ariel lovisco;Categoria 1;Capital Federal;+54 9 11 5954-8207;;10-09-2026 14:25;Pesos;7893,00;
184,00;MACIEL JUAN MANUEL;20221793723;Juan Manuel Maciel;Categoria 1;Capital Federal;+54 9 11 5180-9696;juanmanuel@autografica.com.ar;03-08-2026 10:24;Pesos;3560,90;
